{"data_time": 0.010451407171785831, "eta_seconds": 82839.60210859776, "fast_rcnn/cls_accuracy": 0.9611304984298632, "fast_rcnn/false_negative": 1.0, "fast_rcnn/fg_cls_accuracy": 0.0, "iteration": 19, "loss_box_reg": 0.014593477360904217, "loss_cls": 3.8039013743400574, "loss_mask": 0.6929685771465302, "loss_rpn_cls": 0.6787002682685852, "loss_rpn_loc": 0.4067680594162084, "lr": 0.00019981, "mask_rcnn/accuracy": 0.5155824829931972, "mask_rcnn/false_negative": 0.4786792490981062, "mask_rcnn/false_positive": 0.5337353321183538, "roi_head/num_bg_samples": 498.5, "roi_head/num_fg_samples": 13.5, "rpn/num_neg_anchors": 174.33333333333331, "rpn/num_pos_anchors": 81.66666666666666, "time": 0.920644611120224, "total_loss": 5.676778104912955}
{"data_time": 0.012037031818181276, "eta_seconds": 84384.45440877229, "fast_rcnn/cls_accuracy": 0.9775390625, "fast_rcnn/false_negative": 1.0, "fast_rcnn/fg_cls_accuracy": 0.0, "iteration": 39, "loss_box_reg": 0.037673443206585944, "loss_cls": 0.4302437026053667, "loss_mask": 0.6930664256215096, "loss_rpn_cls": 0.6129528656601906, "loss_rpn_loc": 0.27992692217230797, "lr": 0.00039960999999999995, "mask_rcnn/accuracy": 0.4885647544545849, "mask_rcnn/false_negative": 0.41892723193802955, "mask_rcnn/false_positive": 0.6149780543689054, "roi_head/num_bg_samples": 500.5, "roi_head/num_fg_samples": 11.5, "rpn/num_neg_anchors": 210.83333333333331, "rpn/num_pos_anchors": 45.16666666666667, "time": 0.9496855707839131, "total_loss": 2.1204969526734203}
{"data_time": 0.009969552047550678, "eta_seconds": 85740.58628953993, "fast_rcnn/cls_accuracy": 0.97119140625, "fast_rcnn/false_negative": 1.0, "fast_rcnn/fg_cls_accuracy": 0.0, "iteration": 59, "loss_box_reg": 0.06045844845357351, "loss_cls": 0.46871599461883307, "loss_mask": 0.6919430941343307, "loss_rpn_cls": 0.5021745748817921, "loss_rpn_loc": 0.30607868591323495, "lr": 0.00059941, "mask_rcnn/accuracy": 0.5345030037303298, "mask_rcnn/false_negative": 0.3878630425930109, "mask_rcnn/false_positive": 0.5852405963392742, "roi_head/num_bg_samples": 497.25, "roi_head/num_fg_samples": 14.75, "rpn/num_neg_anchors": 200.0, "rpn/num_pos_anchors": 56.0, "time": 0.9903027056716383, "total_loss": 2.0451388900910388}
{"data_time": 0.01125527685508132, "eta_seconds": 86915.86888343096, "fast_rcnn/cls_accuracy": 0.9726829008284601, "fast_rcnn/false_negative": 1.0, "fast_rcnn/fg_cls_accuracy": 0.0, "iteration": 79, "loss_box_reg": 0.07044314756058156, "loss_cls": 0.4327819552272558, "loss_mask": 0.6918100416660309, "loss_rpn_cls": 0.4510847367346287, "loss_rpn_loc": 0.24130413820967078, "lr": 0.0007992100000000001, "mask_rcnn/accuracy": 0.5476879131934463, "mask_rcnn/false_negative": 0.30227619521185034, "mask_rcnn/false_positive": 0.69679548597731, "roi_head/num_bg_samples": 499.75, "roi_head/num_fg_samples": 12.25, "rpn/num_neg_anchors": 195.0, "rpn/num_pos_anchors": 61.0, "time": 1.0070775332860649, "total_loss": 1.9247564147226512}
{"data_time": 0.010244729928672314, "eta_seconds": 87788.90452738851, "fast_rcnn/cls_accuracy": 0.9638671875, "fast_rcnn/false_negative": 1.0, "fast_rcnn/fg_cls_accuracy": 0.0, "iteration": 99, "loss_box_reg": 0.06511057633906603, "loss_cls": 0.43599266558885574, "loss_mask": 0.6905076280236244, "loss_rpn_cls": 0.44626058265566826, "loss_rpn_loc": 0.2938583646900952, "lr": 0.00099901, "mask_rcnn/accuracy": 0.5659126339929912, "mask_rcnn/false_negative": 0.2900168595442636, "mask_rcnn/false_positive": 0.6212605385912098, "roi_head/num_bg_samples": 493.5, "roi_head/num_fg_samples": 18.5, "rpn/num_neg_anchors": 190.25, "rpn/num_pos_anchors": 65.75, "time": 1.004416236653924, "total_loss": 2.0245693359174766}
{"data_time": 0.00898166373372078, "eta_seconds": 88862.60899666697, "fast_rcnn/cls_accuracy": 0.96923828125, "fast_rcnn/false_negative": 1.0, "fast_rcnn/fg_cls_accuracy": 0.0, "iteration": 119, "loss_box_reg": 0.07131989119807258, "loss_cls": 0.42351851798594, "loss_mask": 0.6907719746232033, "loss_rpn_cls": 0.36711448058485985, "loss_rpn_loc": 0.2694937174092047, "lr": 0.00119881, "mask_rcnn/accuracy": 0.558109871855719, "mask_rcnn/false_negative": 0.17218755275763387, "mask_rcnn/false_positive": 0.7492473758531086, "roi_head/num_bg_samples": 496.25, "roi_head/num_fg_samples": 15.75, "rpn/num_neg_anchors": 202.75, "rpn/num_pos_anchors": 53.25, "time": 1.0098479557782412, "total_loss": 1.8624219984631054}
{"data_time": 0.009876767173409462, "eta_seconds": 88842.83538540825, "fast_rcnn/cls_accuracy": 0.984390243902439, "fast_rcnn/false_negative": 1.0, "fast_rcnn/fg_cls_accuracy": 0.0, "iteration": 139, "loss_box_reg": 0.03770542604615912, "loss_cls": 0.36242302879691124, "loss_mask": 0.6859609186649323, "loss_rpn_cls": 0.3428168650716543, "loss_rpn_loc": 0.277339905500412, "lr": 0.0013986099999999998, "mask_rcnn/accuracy": 0.6044932745825602, "mask_rcnn/false_negative": 0.2976691489324387, "mask_rcnn/false_positive": 0.5006979107321663, "roi_head/num_bg_samples": 502.16666666666663, "roi_head/num_fg_samples": 9.833333333333332, "rpn/num_neg_anchors": 205.16666666666669, "rpn/num_pos_anchors": 50.83333333333333, "time": 0.9900145726278424, "total_loss": 1.7516847708175192}
{"data_time": 0.010924288537353277, "eta_seconds": 88620.59061691165, "fast_rcnn/cls_accuracy": 0.98291015625, "fast_rcnn/false_negative": 1.0, "fast_rcnn/fg_cls_accuracy": 0.0, "iteration": 159, "loss_box_reg": 0.02189388181977847, "loss_cls": 0.3574294215068221, "loss_mask": 0.6828278079628944, "loss_rpn_cls": 0.3240402415394783, "loss_rpn_loc": 0.34350780863314867, "lr": 0.0015984099999999998, "mask_rcnn/accuracy": 0.6177455357142857, "mask_rcnn/false_negative": 0.2346932545711505, "mask_rcnn/false_positive": 0.6584620018279831, "roi_head/num_bg_samples": 503.25, "roi_head/num_fg_samples": 8.75, "rpn/num_neg_anchors": 220.25, "rpn/num_pos_anchors": 35.75, "time": 0.9759982586838305, "total_loss": 1.7643764327804092}
{"data_time": 0.01110175671055913, "eta_seconds": 88924.91620179266, "fast_rcnn/cls_accuracy": 0.9645171262403194, "fast_rcnn/false_negative": 1.0, "fast_rcnn/fg_cls_accuracy": 0.0, "iteration": 179, "loss_box_reg": 0.05096538296493236, "loss_cls": 0.39486424066126347, "loss_mask": 0.6769037693738937, "loss_rpn_cls": 0.3017247561365366, "loss_rpn_loc": 0.29843626264482737, "lr": 0.0017982099999999997, "mask_rcnn/accuracy": 0.5883503401360544, "mask_rcnn/false_negative": 0.18728137792717908, "mask_rcnn/false_positive": 0.6847783361111879, "roi_head/num_bg_samples": 495.25, "roi_head/num_fg_samples": 16.75, "rpn/num_neg_anchors": 199.5, "rpn/num_pos_anchors": 56.5, "time": 1.0091099245473742, "total_loss": 1.7483514632986044}
{"data_time": 0.01036360813304782, "eta_seconds": 88881.99058780447, "fast_rcnn/cls_accuracy": 0.9644607099514564, "fast_rcnn/false_negative": 1.0, "fast_rcnn/fg_cls_accuracy": 0.0, "iteration": 199, "loss_box_reg": 0.04712373822258087, "loss_cls": 0.3532515484839678, "loss_mask": 0.6782443225383759, "loss_rpn_cls": 0.2561355084180832, "loss_rpn_loc": 0.1789556574076414, "lr": 0.00199801, "mask_rcnn/accuracy": 0.6074109042403504, "mask_rcnn/false_negative": 0.20061180000630516, "mask_rcnn/false_positive": 0.55279374976687, "roi_head/num_bg_samples": 495.5, "roi_head/num_fg_samples": 16.5, "rpn/num_neg_anchors": 197.33333333333331, "rpn/num_pos_anchors": 58.66666666666667, "time": 0.9892523838207126, "total_loss": 1.5219915308989584}
{"data_time": 0.011851913761347532, "eta_seconds": 89173.62464914098, "fast_rcnn/cls_accuracy": 0.96826171875, "fast_rcnn/false_negative": 1.0, "fast_rcnn/fg_cls_accuracy": 0.0, "iteration": 219, "loss_box_reg": 0.05869215982966125, "loss_cls": 0.4910404235124588, "loss_mask": 0.6701137870550156, "loss_rpn_cls": 0.3158480990678072, "loss_rpn_loc": 0.2699272185564041, "lr": 0.00219781, "mask_rcnn/accuracy": 0.5606600298086268, "mask_rcnn/false_negative": 0.2088928706954495, "mask_rcnn/false_positive": 0.6599358229848398, "roi_head/num_bg_samples": 495.75, "roi_head/num_fg_samples": 16.25, "rpn/num_neg_anchors": 187.25,